strain_id,strain_name,strain_description,allele_id,gene_id,genotype,mat,background,strain_notes,parents
J1603,irc21,,S000004677-NatMX,S000004677,,alpha,,,
J1661,rad5,,S000004022-NatMX,S000004022,,alpha,,,
J1663,rad18,,S000000662-NatMX,S000000662,,alpha,,,
J1667,rad14,,S000004814-NatMX,S000004814,,alpha,,,
J1669,rev1,,S000005873-NatMX,S000005873,,alpha,,,
J1671,hrq1,,S000002699-NatMX,S000002699,,alpha,,,
J1673,rad61,,S000002421-NatMX,S000002421,,alpha,,,
J1677,mlh3,,S000006085-NatMX,S000006085,,alpha,,,
J1679,slx4,,S000004125-NatMX,S000004125,,alpha,,,
J1681,rad1,,S000005943-NatMX,S000005943,,alpha,,,
J1683,rev3,,S000006088-NatMX,S000006088,,alpha,,,
J1685,rad10,,S000004560-NatMX,S000004560,,alpha,,,
J1693,rad54,,S000003131-NatMX,S000003131,,alpha,,,
J1694,dhh1,,S000002319-NatMX,S000002319,,alpha,,,
J1699,csm3,,S000004651-NatMX,S000004651,,alpha,,,
J1701,mms2,,S000003055-NatMX,S000003055,,alpha,,,
J1725,yku70,,S000004897-NatMX,S000004897,,alpha,,,
J1727,dbf2,,S000003324-NatMX,S000003324,,alpha,,,
J1729,exo1,,S000005559-NatMX,S000005559,,alpha,,,
J1733,ddc1,,S000006115-NatMX,S000006115,,alpha,,,
J1735,psy2,,S000005145-NatMX,S000005145,,alpha,,,
J1737,rev7,,S000001401-NatMX,S000001401,,alpha,,,
J1739,saw1,,S000000025-NatMX,S000000025,,alpha,,,
J1743,rdh54,,S000000277-NatMX,S000000277,,alpha,,,
J1745,top3,,S000004224-NatMX,S000004224,,alpha,,,
J1747,ctf4,,S000006339-NatMX,S000006339,,alpha,,,
J1749,swi4,,S000000913-NatMX,S000000913,,alpha,,,
J1751,slx8,,S000000918-NatMX,S000000918,,alpha,,,
J1753,psy4,,S000000142-NatMX,S000000142,,alpha,,,
J1762,rad52,,S000004494-NatMX,S000004494,,alpha,,,
J1767,sgs1,,S000004802-NatMX,S000004802,,alpha,,,
J1769,esc2,,S000002771-NatMX,S000002771,,alpha,,,
J1771,rrm3,,S000001073-NatMX,S000001073,,alpha,,,
J1774,rad27,,S000001596-NatMX,S000001596,,alpha,,,
J1776,rtt101,,S000003583-NatMX,S000003583,,alpha,,,
J1778,asf1,,S000003651-NatMX,S000003651,,alpha,,,
J1781,pso2,,S000004745-NatMX,S000004745,,alpha,,,
J1783,mph1,,S000001441-NatMX,S000001441,,alpha,,,
J1785,srs2,,S000003628-NatMX,S000003628,,alpha,,,
J1787,dia2,,S000005606-NatMX,S000005606,,alpha,,,
J1789,pif1,,S000004526-NatMX,S000004526,,alpha,,,
J1801,leu2,,S000000523-NatMX,S000000523,,alpha,,,
U3102,shu1,,S000004368-NatMX,S000004368,,alpha,,,
U3103,csm2,,S000001394-NatMX,S000001394,,alpha,,,
U3116,shu2,,S000002485-NatMX,S000002485,,alpha,,,
U3116-1,shu2,,S000002485-NatMX,S000002485,,alpha,,,
U3117,psy3,,S000004368-NatMX,S000004368,,alpha,,,
J1811,mus81,,S000002794-NatMX,S000002794,,alpha,,,
J1815,tdp1,,S000000427-NatMX,S000000427,,alpha,,,
J1741,sin4,,S000005180-NatMX,S000005180,,alpha,,,
J1823,rph1,,S000000971-NatMX,S000000971,,alpha,,,
J1824,rad23,,S000000763-NatMX,S000000763,,alpha,,,
J1825,rad28,,S000002437-NatMX,S000002437,,alpha,,,
R1687,sky1,,S000004829-NatMX,S000004829,,alpha,,,
R1686,hmt1,,S000000238-NatMX,S000000238,,alpha,,,
J1731,siz1,,S000002817-NatMX,S000002817,,alpha,,,
